{
	"V": 12.786,
	"VS": -0.026,
	"I": 2.006,
	"CE": -1.239,
	"SOC": 99.9,
	"TTG": -0.016666666666666666,
	"Alarm": false,
	"Relay": false,
	"AR": 0,
	"BMV": "602S",
	"FW": "211",
	"H1": -163.234,
	"H2": -1.313,
	"H3": 0,
	"H4": 0,
	"H5": 0,
	"H6": -368537,
	"H7": 11.819,
	"H8": 14.948,
	"H9": 0.019305555555555555,
	"H10": 3,
	"H11": 0,
	"H12": 0,
	"H13": 0,
	"H14": 0,
	"H15": -0.029,
	"H16": 0.138
}
